<?xml version="1.0" encoding="iso-8859-1" ?>
<mosinstall type="component">
<!-- Joomla! 1.0 Installer XML File 
$Id: extplorer.xml 249 2016-12-11 16:11:03Z soeren $ -->
    <name>eXtplorer</name>
    <creationDate>21.01.2021</creationDate>
    <author>soeren, QuiX Project</author>
    <copyright>Soeren Eberhardt-Biermann, QuiX Project</copyright>
    <authorEmail>info|-at|-extplorer.net</authorEmail>
    <authorUrl>https://extplorer.net/</authorUrl>
    <version>2.1.14</version>
    <description><![CDATA[
	<div align="left"><img src="components/com_extplorer/images/eXtplorer_logo.png" alt="eXtplorer Logo" /></div>
	<h2>Successfully installed eXtplorer&nbsp;</h2>
	eXtplorer is a powerful File- and FTP/WebDAV Manager script. 
	<br/>It allows 
	  <ul><li>Browsing Directories & Files,</li>
	  <li>Editing, Copying, Moving and Deleting files,</li>
	  <li>Searching, Uploading and Downloading files,</li>
	  <li>Creating new Files and Directories,</li>
	  <li>Creating and Extracting Archives with Files and Directories,</li>
	  <li>Changing file permissions (chmod)</li></ul><br/>and much more.<br/><br/>
	  <strong>By default restricted to Superadministrators!</strong>
	]]></description>
    <files><!-- Frontend Files! -->
        <filename>configuration.ext.php</filename>
        <filename>extplorer.php</filename>
        <filename>extplorer.init.php</filename>
        <filename>extplorer.list.php</filename>
    </files>
 
    <installfile>install.extplorer.php</installfile>
    <administration>
        <menu>eXtplorer</menu>
        <files><!-- Backend Files! -->
				<filename>scripts.tar.gz</filename>
				<filename>CHANGELOG.txt</filename>
				<filename>README.txt</filename>
				<filename>admin.extplorer.php</filename>
				<filename>application.php</filename>
				<filename>config/.htaccess</filename>
				<filename>config/.htusers.php</filename>
				<filename>config/conf.php</filename>
				<filename>config/index.html</filename>
				<filename>config/mimes.php</filename>
				<filename>eXtplorer.ico</filename>
				<filename>fetchscript.php</filename>
				<filename>ftp_tmp/index.html</filename>
				<filename>images/_.gif</filename>
				<filename>images/_accept.png</filename>
				<filename>images/_admin.gif</filename>
				<filename>images/_archive.png</filename>
				<filename>images/_arrowdown.gif</filename>
				<filename>images/_arrowup.gif</filename>
				<filename>images/_bookmark_add.png</filename>
				<filename>images/_cancel.png</filename>
				<filename>images/_chmod.png</filename>
				<filename>images/_down.png</filename>
				<filename>images/_edit.png</filename>
				<filename>images/_editcopy.png</filename>
				<filename>images/_editdelete.png</filename>
				<filename>images/_extract.gif</filename>
				<filename>images/_extract.png</filename>
				<filename>images/_filefind.png</filename>
				<filename>images/_filenew.png</filename>
				<filename>images/_folder_new.png</filename>
				<filename>images/_fonts.png</filename>
				<filename>images/_help.png</filename>
				<filename>images/_home.gif</filename>
				<filename>images/_home.png</filename>
				<filename>images/_indicator.gif</filename>
				<filename>images/_log_error.png</filename>
				<filename>images/_logout.png</filename>
				<filename>images/_messagebox_warning.png</filename>
				<filename>images/_move.png</filename>
				<filename>images/_reload.png</filename>
				<filename>images/_remove.png</filename>
				<filename>images/_rename.gif</filename>
				<filename>images/_rename_.gif</filename>
				<filename>images/_save.png</filename>
				<filename>images/_up.png</filename>
				<filename>images/_view.png</filename>
				<filename>images/eXtplorer-horizontal2.png</filename>
				<filename>images/eXtplorer_logo.png</filename>
				<filename>images/extension/avi.png</filename>
				<filename>images/extension/bmp.png</filename>
				<filename>images/extension/bz2.png</filename>
				<filename>images/extension/c.png</filename>
				<filename>images/extension/cc.png</filename>
				<filename>images/extension/cgi.png</filename>
				<filename>images/extension/class.png</filename>
				<filename>images/extension/cpp.png</filename>
				<filename>images/extension/css.png</filename>
				<filename>images/extension/cxx.png</filename>
				<filename>images/extension/dhtml.png</filename>
				<filename>images/extension/doc.png</filename>
				<filename>images/extension/document.png</filename>
				<filename>images/extension/docx.png</filename>
				<filename>images/extension/exe.png</filename>
				<filename>images/extension/folder.png</filename>
				<filename>images/extension/fon.png</filename>
				<filename>images/extension/gif.png</filename>
				<filename>images/extension/gz.png</filename>
				<filename>images/extension/h.png</filename>
				<filename>images/extension/hpp.png</filename>
				<filename>images/extension/htm.png</filename>
				<filename>images/extension/html.png</filename>
				<filename>images/extension/inc.png</filename>
				<filename>images/extension/index.html</filename>
				<filename>images/extension/jar.png</filename>
				<filename>images/extension/java.png</filename>
				<filename>images/extension/jpeg.png</filename>
				<filename>images/extension/jpg.png</filename>
				<filename>images/extension/js.png</filename>
				<filename>images/extension/m3u.png</filename>
				<filename>images/extension/midi.png</filename>
				<filename>images/extension/mov.png</filename>
				<filename>images/extension/mp3.png</filename>
				<filename>images/extension/mpeg.png</filename>
				<filename>images/extension/mpg.png</filename>
				<filename>images/extension/pdf.png</filename>
				<filename>images/extension/php.png</filename>
				<filename>images/extension/php3.png</filename>
				<filename>images/extension/php4.png</filename>
				<filename>images/extension/php5.png</filename>
				<filename>images/extension/phtml.png</filename>
				<filename>images/extension/pl.png</filename>
				<filename>images/extension/pls.png</filename>
				<filename>images/extension/png.png</filename>
				<filename>images/extension/py.png</filename>
				<filename>images/extension/ra.png</filename>
				<filename>images/extension/ram.png</filename>
				<filename>images/extension/rar.png</filename>
				<filename>images/extension/rm.png</filename>
				<filename>images/extension/sh.png</filename>
				<filename>images/extension/shtml.png</filename>
				<filename>images/extension/sql.png</filename>
				<filename>images/extension/swf.png</filename>
				<filename>images/extension/tar.png</filename>
				<filename>images/extension/tbz.png</filename>
				<filename>images/extension/tgz.png</filename>
				<filename>images/extension/txt.gif</filename>
				<filename>images/extension/txt.png</filename>
				<filename>images/extension/wav.png</filename>
				<filename>images/extension/xhtml.png</filename>
				<filename>images/extension/xls.png</filename>
				<filename>images/extension/xlsx.png</filename>
				<filename>images/extension/xml.png</filename>
				<filename>images/extension/zip.png</filename>
				<filename>images/index.html</filename>
				<filename>images/x_icon.png</filename>
				<filename>images/logo.gif</filename>
				<filename>images/systeminfo.gif</filename>
				<filename>include/.htaccess</filename>
				<filename>include/admin.php</filename>
				<filename>include/archive.php</filename>
				<filename>include/authentication/extplorer.php</filename>
				<filename>include/authentication/ftp.php</filename>
				<filename>include/authentication/ssh2.php</filename>
				<filename>include/bookmarks.php</filename>
				<filename>include/chmod.php</filename>
				<filename>include/copy_move.php</filename>
				<filename>include/delete.php</filename>
				<filename>include/diff.php</filename>
				<filename>include/download.php</filename>
				<filename>include/edit.php</filename>
				<filename>include/extract.php</filename>
				<filename>include/functions.php</filename>
				<filename>include/header.php</filename>
				<filename>include/index.html</filename>
				<filename>include/init.php</filename>
				<filename>include/list.php</filename>
				<filename>include/login.php</filename>
				<filename>include/mkitem.php</filename>
				<filename>include/rename.php</filename>
				<filename>include/result.class.php</filename>
				<filename>include/search.php</filename>
				<filename>include/system_info.php</filename>
				<filename>include/transfer.php</filename>
				<filename>include/upload.php</filename>
				<filename>include/users.php</filename>
				<filename>include/view.php</filename>
				<filename>index.php</filename>
				<filename>install.extplorer.php</filename>
				<filename>languages/arabic.php</filename>
				<filename>languages/arabic_mimes.php</filename>
				<filename>languages/brazilian_portuguese.php</filename>
				<filename>languages/brazilian_portuguese_mimes.php</filename>
				<filename>languages/bulgarian.php</filename>
				<filename>languages/bulgarian_mimes.php</filename>
				<filename>languages/czech.php</filename>
				<filename>languages/czech_mimes.php</filename>
				<filename>languages/danish.php</filename>
				<filename>languages/danish_mimes.php</filename>
				<filename>languages/dutch.php</filename>
				<filename>languages/dutch_mimes.php</filename>
				<filename>languages/english.php</filename>
				<filename>languages/english_mimes.php</filename>
				<filename>languages/finnish.php</filename>
				<filename>languages/finnish_mimes.php</filename>
				<filename>languages/french.php</filename>
				<filename>languages/french_mimes.php</filename>
				<filename>languages/german.php</filename>
				<filename>languages/german_mimes.php</filename>
				<filename>languages/germanf.php</filename>
				<filename>languages/germanf_mimes.php</filename>
				<filename>languages/germani.php</filename>
				<filename>languages/germani_mimes.php</filename>
				<filename>languages/greek.php</filename>
				<filename>languages/greek_mimes.php</filename>
				<filename>languages/hungarian.php</filename>
				<filename>languages/hungarian_mimes.php</filename>
				<filename>languages/hungariani.php</filename>
				<filename>languages/index.html</filename>
				<filename>languages/islenska.php</filename>
				<filename>languages/islenska_mimes.php</filename>
				<filename>languages/italian.php</filename>
				<filename>languages/italian_mimes.php</filename>
				<filename>languages/japanese.php</filename>
				<filename>languages/japanese_mimes.php</filename>
				<filename>languages/norwegian.php</filename>
				<filename>languages/norwegian_mimes.php</filename>
				<filename>languages/polish.php</filename>
				<filename>languages/polish_mimes.php</filename>
				<filename>languages/portuguese.php</filename>
				<filename>languages/portuguese_mimes.php</filename>
				<filename>languages/romanian.php</filename>
				<filename>languages/romanian_mimes.php</filename>
				<filename>languages/russian.php</filename>
				<filename>languages/russian_mimes.php</filename>
				<filename>languages/simplified_chinese.php</filename>
				<filename>languages/simplified_chinese_mimes.php</filename>
				<filename>languages/slovenian.php</filename>
				<filename>languages/slovenian_mimes.php</filename>
				<filename>languages/spanish.php</filename>
				<filename>languages/spanish_mimes.php</filename>
				<filename>languages/swedish.php</filename>
				<filename>languages/swedish_mimes.php</filename>
				<filename>languages/traditional_chinese.php</filename>
				<filename>languages/traditional_chinese_mimes.php</filename>
				<filename>languages/turkish.php</filename>
				<filename>languages/turkish_mimes.php</filename>
				<filename>libraries/Archive/adapter/index.html</filename>
				<filename>libraries/Archive/adapter/rar.php</filename>
				<filename>libraries/Archive/adapter/zip.php</filename>
				<filename>libraries/Archive/archive.php</filename>
				<filename>libraries/Archive/file.php</filename>
				<filename>libraries/Archive/folder.php</filename>
				<filename>libraries/Archive/index.html</filename>
				<filename>libraries/Archive/path.php</filename>
				<filename>libraries/Auth/Auth.php</filename>
				<filename>libraries/Auth/HTTP/HTTP.php</filename>
				<filename>libraries/Console/Getopt.php</filename>
				<filename>libraries/FTP.php</filename>
				<filename>libraries/FTP/Observer.php</filename>
				<filename>libraries/FTP/Socket.php</filename>
				<filename>libraries/FTP/index.html</filename>
				<filename>libraries/File_Operations.php</filename>
				<filename>libraries/HTTP/WebDAV/Server.php</filename>
				<filename>libraries/HTTP/WebDAV/Server/Filesystem.php</filename>
				<filename>libraries/HTTP/WebDAV/Tools/_parse_lockinfo.php</filename>
				<filename>libraries/HTTP/WebDAV/Tools/_parse_propfind.php</filename>
				<filename>libraries/HTTP/WebDAV/Tools/_parse_proppatch.php</filename>
				<filename>libraries/JSON.php</filename>
				<filename>libraries/MIME/Parameter.php</filename>
				<filename>libraries/MIME/Type.php</filename>
				<filename>libraries/MIME/index.html</filename>
				<filename>libraries/PasswordHash.php</filename>
				<filename>libraries/PEAR.php</filename>
				<filename>libraries/SSH2.php</filename>
				<filename>libraries/System.php</filename>
				<filename>libraries/Tar.php</filename>
				<filename>libraries/Text/Diff.php</filename>
				<filename>libraries/Text/TextEncoding.php</filename>
				<filename>libraries/Text/Diff/Engine/native.php</filename>
				<filename>libraries/Text/Diff/Engine/shell.php</filename>
				<filename>libraries/Text/Diff/Engine/string.php</filename>
				<filename>libraries/Text/Diff/Engine/xdiff.php</filename>
				<filename>libraries/Text/Diff/Mapped.php</filename>
				<filename>libraries/Text/Diff/Renderer.php</filename>
				<filename>libraries/Text/Diff/Renderer/context.php</filename>
				<filename>libraries/Text/Diff/Renderer/inline.php</filename>
				<filename>libraries/Text/Diff/Renderer/unified.php</filename>
				<filename>libraries/Text/Diff/ThreeWay.php</filename>
				<filename>libraries/compat.php41x.php</filename>
				<filename>libraries/compat.php42x.php</filename>
				<filename>libraries/compat.php50x.php</filename>
				<filename>libraries/geshi/geshi.php</filename>
				<filename>libraries/geshi/geshi/abap.php</filename>
				<filename>libraries/geshi/geshi/actionscript.php</filename>
				<filename>libraries/geshi/geshi/actionscript3.php</filename>
				<filename>libraries/geshi/geshi/ada.php</filename>
				<filename>libraries/geshi/geshi/apache.php</filename>
				<filename>libraries/geshi/geshi/applescript.php</filename>
				<filename>libraries/geshi/geshi/apt_sources.php</filename>
				<filename>libraries/geshi/geshi/asm.php</filename>
				<filename>libraries/geshi/geshi/asp.php</filename>
				<filename>libraries/geshi/geshi/autoit.php</filename>
				<filename>libraries/geshi/geshi/avisynth.php</filename>
				<filename>libraries/geshi/geshi/bash.php</filename>
				<filename>libraries/geshi/geshi/basic4gl.php</filename>
				<filename>libraries/geshi/geshi/bf.php</filename>
				<filename>libraries/geshi/geshi/blitzbasic.php</filename>
				<filename>libraries/geshi/geshi/bnf.php</filename>
				<filename>libraries/geshi/geshi/boo.php</filename>
				<filename>libraries/geshi/geshi/c.php</filename>
				<filename>libraries/geshi/geshi/c_mac.php</filename>
				<filename>libraries/geshi/geshi/caddcl.php</filename>
				<filename>libraries/geshi/geshi/cadlisp.php</filename>
				<filename>libraries/geshi/geshi/cfdg.php</filename>
				<filename>libraries/geshi/geshi/cfm.php</filename>
				<filename>libraries/geshi/geshi/cil.php</filename>
				<filename>libraries/geshi/geshi/cobol.php</filename>
				<filename>libraries/geshi/geshi/cpp-qt.php</filename>
				<filename>libraries/geshi/geshi/cpp.php</filename>
				<filename>libraries/geshi/geshi/csharp.php</filename>
				<filename>libraries/geshi/geshi/css.php</filename>
				<filename>libraries/geshi/geshi/d.php</filename>
				<filename>libraries/geshi/geshi/dcs.php</filename>
				<filename>libraries/geshi/geshi/delphi.php</filename>
				<filename>libraries/geshi/geshi/diff.php</filename>
				<filename>libraries/geshi/geshi/div.php</filename>
				<filename>libraries/geshi/geshi/dos.php</filename>
				<filename>libraries/geshi/geshi/dot.php</filename>
				<filename>libraries/geshi/geshi/eiffel.php</filename>
				<filename>libraries/geshi/geshi/email.php</filename>
				<filename>libraries/geshi/geshi/fortran.php</filename>
				<filename>libraries/geshi/geshi/freebasic.php</filename>
				<filename>libraries/geshi/geshi/genero.php</filename>
				<filename>libraries/geshi/geshi/gettext.php</filename>
				<filename>libraries/geshi/geshi/glsl.php</filename>
				<filename>libraries/geshi/geshi/gml.php</filename>
				<filename>libraries/geshi/geshi/gnuplot.php</filename>
				<filename>libraries/geshi/geshi/groovy.php</filename>
				<filename>libraries/geshi/geshi/haskell.php</filename>
				<filename>libraries/geshi/geshi/hq9plus.php</filename>
				<filename>libraries/geshi/geshi/html4strict.php</filename>
				<filename>libraries/geshi/geshi/idl.php</filename>
				<filename>libraries/geshi/geshi/index.html</filename>
				<filename>libraries/geshi/geshi/ini.php</filename>
				<filename>libraries/geshi/geshi/inno.php</filename>
				<filename>libraries/geshi/geshi/intercal.php</filename>
				<filename>libraries/geshi/geshi/io.php</filename>
				<filename>libraries/geshi/geshi/java.php</filename>
				<filename>libraries/geshi/geshi/java5.php</filename>
				<filename>libraries/geshi/geshi/javascript.php</filename>
				<filename>libraries/geshi/geshi/kixtart.php</filename>
				<filename>libraries/geshi/geshi/klonec.php</filename>
				<filename>libraries/geshi/geshi/klonecpp.php</filename>
				<filename>libraries/geshi/geshi/latex.php</filename>
				<filename>libraries/geshi/geshi/lisp.php</filename>
				<filename>libraries/geshi/geshi/locobasic.php</filename>
				<filename>libraries/geshi/geshi/lolcode.php</filename>
				<filename>libraries/geshi/geshi/lotusformulas.php</filename>
				<filename>libraries/geshi/geshi/lotusscript.php</filename>
				<filename>libraries/geshi/geshi/lscript.php</filename>
				<filename>libraries/geshi/geshi/lsl2.php</filename>
				<filename>libraries/geshi/geshi/lua.php</filename>
				<filename>libraries/geshi/geshi/m68k.php</filename>
				<filename>libraries/geshi/geshi/make.php</filename>
				<filename>libraries/geshi/geshi/matlab.php</filename>
				<filename>libraries/geshi/geshi/mirc.php</filename>
				<filename>libraries/geshi/geshi/modula3.php</filename>
				<filename>libraries/geshi/geshi/mpasm.php</filename>
				<filename>libraries/geshi/geshi/mxml.php</filename>
				<filename>libraries/geshi/geshi/mysql.php</filename>
				<filename>libraries/geshi/geshi/nsis.php</filename>
				<filename>libraries/geshi/geshi/oberon2.php</filename>
				<filename>libraries/geshi/geshi/objc.php</filename>
				<filename>libraries/geshi/geshi/ocaml-brief.php</filename>
				<filename>libraries/geshi/geshi/ocaml.php</filename>
				<filename>libraries/geshi/geshi/oobas.php</filename>
				<filename>libraries/geshi/geshi/oracle11.php</filename>
				<filename>libraries/geshi/geshi/oracle8.php</filename>
				<filename>libraries/geshi/geshi/pascal.php</filename>
				<filename>libraries/geshi/geshi/per.php</filename>
				<filename>libraries/geshi/geshi/perl.php</filename>
				<filename>libraries/geshi/geshi/php-brief.php</filename>
				<filename>libraries/geshi/geshi/php.php</filename>
				<filename>libraries/geshi/geshi/pic16.php</filename>
				<filename>libraries/geshi/geshi/pixelbender.php</filename>
				<filename>libraries/geshi/geshi/plsql.php</filename>
				<filename>libraries/geshi/geshi/povray.php</filename>
				<filename>libraries/geshi/geshi/powershell.php</filename>
				<filename>libraries/geshi/geshi/progress.php</filename>
				<filename>libraries/geshi/geshi/prolog.php</filename>
				<filename>libraries/geshi/geshi/providex.php</filename>
				<filename>libraries/geshi/geshi/python.php</filename>
				<filename>libraries/geshi/geshi/qbasic.php</filename>
				<filename>libraries/geshi/geshi/rails.php</filename>
				<filename>libraries/geshi/geshi/rebol.php</filename>
				<filename>libraries/geshi/geshi/reg.php</filename>
				<filename>libraries/geshi/geshi/robots.php</filename>
				<filename>libraries/geshi/geshi/ruby.php</filename>
				<filename>libraries/geshi/geshi/sas.php</filename>
				<filename>libraries/geshi/geshi/scala.php</filename>
				<filename>libraries/geshi/geshi/scheme.php</filename>
				<filename>libraries/geshi/geshi/scilab.php</filename>
				<filename>libraries/geshi/geshi/sdlbasic.php</filename>
				<filename>libraries/geshi/geshi/smalltalk.php</filename>
				<filename>libraries/geshi/geshi/smarty.php</filename>
				<filename>libraries/geshi/geshi/sql.php</filename>
				<filename>libraries/geshi/geshi/tcl.php</filename>
				<filename>libraries/geshi/geshi/teraterm.php</filename>
				<filename>libraries/geshi/geshi/text.php</filename>
				<filename>libraries/geshi/geshi/thinbasic.php</filename>
				<filename>libraries/geshi/geshi/tsql.php</filename>
				<filename>libraries/geshi/geshi/typoscript.php</filename>
				<filename>libraries/geshi/geshi/vb.php</filename>
				<filename>libraries/geshi/geshi/vbnet.php</filename>
				<filename>libraries/geshi/geshi/verilog.php</filename>
				<filename>libraries/geshi/geshi/vhdl.php</filename>
				<filename>libraries/geshi/geshi/vim.php</filename>
				<filename>libraries/geshi/geshi/visualfoxpro.php</filename>
				<filename>libraries/geshi/geshi/visualprolog.php</filename>
				<filename>libraries/geshi/geshi/whitespace.php</filename>
				<filename>libraries/geshi/geshi/winbatch.php</filename>
				<filename>libraries/geshi/geshi/xml.php</filename>
				<filename>libraries/geshi/geshi/xorg_conf.php</filename>
				<filename>libraries/geshi/geshi/xpp.php</filename>
				<filename>libraries/geshi/geshi/z80.php</filename>
				<filename>libraries/geshi/index.html</filename>
				<filename>libraries/index.html</filename>
				<filename>libraries/inputfilter.php</filename>
				<filename>libraries/lib_zip.php</filename>
				<filename>libraries/standalone.php</filename>
				<filename>style/index.html</filename>
				<filename>style/opacity.js</filename>
				<filename>style/style.css</filename>
				<filename>style/tablebg.gif</filename>
				<filename>uploadhandler.php</filename>
				<filename>webdav.php</filename>
				<filename>webdav_authenticate.php</filename>
<filename>webdav_table.sql.php</filename>
		</files>
    </administration>
</mosinstall>